feature,importance_mean,importance_std
railcard_used,0.044207385196420555,0.0004038157527459996
zero_results_flag,0.022735559802918654,0.0003458986979013738
customer_type,0.0063043073316539355,0.0009972831345089902
is_logged_in,0.0030588619439983478,0.001646352060879654
device_type,0.0026177420969599927,0.0005146566217744656
operating_system,0.0018078139003125753,0.0009542846045831409
destination_station,0.0012867097152552593,0.00043979233304284406
acquisition_channel,0.0003026913804306715,0.00019288341035164985
results_count,0.00017579973068088117,4.727070590047404e-05
search_latency_ms,7.1064547438493e-05,2.0900251681551688e-05
country,1.3287978840629636e-05,0.0002965939832760518
search_month,-1.9047672043156123e-06,2.748581840383513e-07
journey_type,-1.310305090390651e-05,2.6654007198289923e-05
day_of_week,-0.00013351656805327128,0.00023023381067811686
search_hour,-0.00018543342624808648,0.00011039760682221598
passengers,-0.00035424497711189495,0.0004282587390968509
origin_station,-0.0004463106894099604,0.00022000027986807713
days_before_travel,-0.0006861266864282937,0.0003456641128365045
