threshold,predicted_positive_rate_pct,precision,recall,f1
0.1,94.29,0.3171143402319096,1.0,0.48152894634200705
0.15,94.29,0.3171143402319096,1.0,0.48152894634200705
0.2,94.29,0.3171143402319096,1.0,0.48152894634200705
0.25,89.5,0.32158045310446143,0.9625086785466327,0.48209110930798654
0.3,48.22,0.35526001052480505,0.5728612203965131,0.43855193999881886
0.35,25.92,0.3916525763104031,0.3395047442721592,0.3637190082644628
0.4,10.65,0.41161178509532065,0.14657100979711488,0.21616701746401956
0.45,0.03,0.36363636363636365,0.00030857054694129443,0.000616617851086789
0.5,0.0,0.0,0.0,0.0
0.55,0.0,0.0,0.0,0.0
0.6,0.0,0.0,0.0,0.0
0.65,0.0,0.0,0.0,0.0
0.7,0.0,0.0,0.0,0.0
0.75,0.0,0.0,0.0,0.0
0.8,0.0,0.0,0.0,0.0
