decile,searches,bookings,actual_booking_rate,avg_predicted_probability,actual_booking_rate_pct,avg_predicted_probability_pct
1,4336,1796,0.41420664206642066,0.4128086653644168,41.420664206642066,41.28086653644168
2,4335,1633,0.37670126874279125,0.3878166103697057,37.67012687427913,38.78166103697057
3,4335,1558,0.35940023068050747,0.3511567662362704,35.94002306805075,35.11567662362704
4,4335,1360,0.3137254901960784,0.3122706450939558,31.372549019607842,31.22706450939558
5,4335,1299,0.2996539792387543,0.3025468440701525,29.965397923875432,30.254684407015247
6,4335,1294,0.2985005767012687,0.29403144743417803,29.850057670126873,29.4031447434178
7,4335,1298,0.2994232987312572,0.2829814198255814,29.942329873125722,28.29814198255814
8,4335,1163,0.26828143021914647,0.2692109239335207,26.828143021914645,26.92109239335207
9,4335,1126,0.2597462514417532,0.2560792351422274,25.974625144175317,25.60792351422274
10,4336,436,0.10055350553505535,0.10419798254572044,10.055350553505535,10.419798254572044
